{
  "model_type": "Logistic Regression",
  "intercept": 1.46056224786394,
  "coefficients": {
    "x1*x2": 0.0691378259716857,
    "x13/x1": -0.246574089018594,
    "x12/x2": -0.264800144860176,
    "x11/x3": -0.240244404609095,
    "x5/x12": 0.224400943454982,
    "x13/x5": -0.22202548930284,
    "x12/x3": -0.272458986471683,
    "x1/x13": 0.191678565785827,
    "x7/x4": 0.122783829243301,
    "x11/x2": -0.268732739429429,
    "x1/x6": 0.138196468849086,
    "x13/x3": -0.240101270804363,
    "x12/x11": -0.282603722234485,
    "x1/x11": 0.19145681378285,
    "x13/x10": -0.210415297512015,
    "x13/x8": -0.172826923460281,
    "x7/x9": 0.127013695443933,
    "x13/x9": -0.189198692511275,
    "x12/x8": -0.205126358932099,
    "x5/x2": 0.128375741771696,
    "x10/x3": -0.222763792176816,
    "x5/x3": 0.11214046306826,
    "x11/x4": -0.249425712607562,
    "x1/x4": 0.106316174568516,
    "x5/x1": 0.0892983477313198,
    "x1/x9": 0.158189281287693,
    "x5/x13": 0.152451533397317,
    "x13/x11": -0.190310990836556,
    "x9/x11": 0.141176958100869,
    "x12/x5": -0.169022694279586,
    "x11/x1": -0.173951117924645,
    "x6*x7": 0.118008867152802,
    "x6/x3": -0.214147026649051,
    "x10/x11": -0.170869101363986,
    "x5/x11": 0.125709116191718,
    "x1/x12": 0.317245269653321,
    "x13/x12": -0.350732652375988,
    "x7/x12": 0.196311117313708,
    "x8/x4": 0.131532915674087,
    "x9/x7": 0.184497991725479,
    "x11/x5": -0.147304422486018,
    "x6/x1": 0.070884270822369,
    "x13/x2": -0.185111919263499,
    "x6/x10": -0.128594497148327,
    "x7/x13": 0.154138277672259,
    "x11/x7": -0.128621132520748,
    "x6*x10": 0.141096089065878,
    "x12/x1": -0.150345209609307,
    "x10/x8": -0.136010212147275,
    "x10/x12": 0.10236940934739,
    "x11/x10": -0.134885530141223,
    "x4/x7": -0.12876058638292,
    "x1/x7": 0.183120927256646,
    "x12/x9": -0.1285068906948,
    "x6^2": 0.120287692649614,
    "x3/x11": 0.138871897952573,
    "x2/x12": 0.136815200361952,
    "x8/x13": 0.124438772171432,
    "x13/x7": -0.13165713569042,
    "x1/x5": 0.165909169955735,
    "x14": -0.135006513557521,
    "x11/x8": -0.124836661019612,
    "x2/x4": 0.111135860216151,
    "x4/x12": 0.108009537111761,
    "x2/x10": -0.123189683228081,
    "x6*x8": 0.113270186717059,
    "x12/x4": -0.168714077359901,
    "x1^2": 0.117513100474412,
    "x3/x4": 0.107015906072825,
    "x5/x4": 0.0878161885274534,
    "x6/x5": -0.0987007818761074,
    "x6/x13": 0.149754213753846,
    "x2/x9": 0.104633033777597,
    "x1*x6": 0.114305495083674,
    "x11/x13": -0.100392577108333,
    "x1*x10": 0.111119324891217,
    "x7/x11": 0.124414916118079,
    "x9*x10": 0.109479903195268,
    "x4/x9": 0.126370946170934,
    "x8*x10": 0.0835548452926573,
    "x5": 0.087011971781625,
    "x9/x12": 0.0899988938630144,
    "x2/x1": 0.109516012062613,
    "x12/x7": -0.102819555611147,
    "x11/x9": -0.108717465884742,
    "x8/x12": 0.0687225299158982,
    "x12/x10": -0.0966972940606732,
    "x6": 0.0977152502571576,
    "x5*x8": 0.0810281859355922,
    "x8*x9": 0.0983051613228523
  },
  "excluded_columns": {
    "sum": 1.00990398467875,
    "Y": 0.733001358465499
  }
}